Date,Hour_Range,Active_Birds,Amount_of_Feeding_kg,Ammonia_ppm,Temperature_C,Humidity_pct,Light_Intensity_lux,Eggs_Produced
2026-03-11,06:00-07:00,10446,449,7,26.5,73,350,587
2026-03-11,07:00-08:00,10446,205,9,27.1,68,580,803
2026-03-11,08:00-09:00,10446,109,10,28.8,66,920,985
2026-03-11,09:00-10:00,10446,57,9,31.3,63,1150,1081
2026-03-11,10:00-11:00,10446,53,12,32.4,60,1380,1084
2026-03-11,11:00-12:00,10446,89,13,33.3,57,1520,982
2026-03-11,12:00-13:00,10446,151,14,34.8,54,1600,901
2026-03-11,13:00-14:00,10446,95,15,36.5,50,1520,803
2026-03-11,14:00-15:00,10446,83,15,37,44,1470,684
2026-03-11,15:00-16:00,10446,210,16,36.5,46,1370,598
2026-03-11,16:00-17:00,10446,245,15,35.4,52,1080,499
2026-03-11,17:00-18:00,10446,93,18,34,52,780,395
2026-03-11,18:00-19:00,10444,46,19,32.2,56,470,298
2026-03-11,19:00-20:00,10444,40,17,30.2,61,180,196
2026-03-12,06:00-07:00,10444,450,9,26.5,70,370,597
2026-03-12,07:00-08:00,10444,194,10,27.5,72,580,798
2026-03-12,08:00-09:00,10444,90,8,28.7,66,900,996
2026-03-12,09:00-10:00,10444,50,10,31,64,1250,1083
2026-03-12,10:00-11:00,10444,51,12,31.6,61,1420,1096
2026-03-12,11:00-12:00,10444,75,12,33.9,57,1480,992
2026-03-12,12:00-13:00,10444,140,14,35.4,53,1500,891
2026-03-12,13:00-14:00,10444,110,15,36.1,51,1500,802
2026-03-12,14:00-15:00,10444,88,16,37.3,45,1400,687
2026-03-12,15:00-16:00,10444,204,16,37.2,49,1350,596
2026-03-12,16:00-17:00,10444,241,15,35.2,50,1120,500
2026-03-12,17:00-18:00,10444,105,17,34.2,56,800,389
2026-03-12,18:00-19:00,10444,45,17,31.4,59,450,298
2026-03-12,19:00-20:00,10444,50,18,30.1,62,220,200
2026-03-13,06:00-07:00,10444,1443,9,25.9,73,330,595
2026-03-13,07:00-08:00,10444,199,10,27.4,72,550,798
2026-03-13,08:00-09:00,10444,108,9,29.2,66,950,993
2026-03-13,09:00-10:00,10441,53,10,30.6,61,1150,1086
2026-03-13,10:00-11:00,10441,47,12,32.4,62,1450,1100
2026-03-13,11:00-12:00,10441,71,13,33.3,59,1500,996
2026-03-13,12:00-13:00,10441,145,13,35.4,51,1600,885
2026-03-13,13:00-14:00,10441,108,14,36.9,48,1450,790
2026-03-13,14:00-15:00,10441,75,14,37.4,44,1430,687
2026-03-13,15:00-16:00,10441,205,17,36.4,47,1370,593
2026-03-13,16:00-17:00,10441,256,15,35.6,50,1150,498
2026-03-13,17:00-18:00,10441,110,18,33.8,53,780,391
2026-03-13,18:00-19:00,10441,46,17,31.8,58,430,306
2026-03-13,19:00-20:00,10441,45,18,30.1,59,220,200
2026-03-14,06:00-07:00,10441,444,7,26.5,74,400,593
2026-03-14,07:00-08:00,10441,208,10,27.4,70,650,798
2026-03-14,08:00-09:00,10441,94,10,29.4,69,950,986
2026-03-14,09:00-10:00,10441,42,10,30.6,62,1150,1099
2026-03-14,10:00-11:00,10441,43,10,31.7,61,1380,1099
2026-03-14,11:00-12:00,10441,90,13,33.5,56,1450,984
2026-03-14,12:00-13:00,10441,151,14,35,54,1500,900
2026-03-14,13:00-14:00,10441,96,13,36,50,1550,792
2026-03-14,14:00-15:00,10441,82,16,37.5,45,1430,702
2026-03-14,15:00-16:00,10438,202,16,36.6,46,1350,594
2026-03-14,16:00-17:00,10438,260,17,35.2,48,1050,500
2026-03-14,17:00-18:00,10438,94,18,33.7,54,750,400
2026-03-14,18:00-19:00,10438,49,19,31.2,57,400,302
2026-03-14,19:00-20:00,10438,56,18,29.7,63,250,208
2026-03-15,06:00-07:00,10438,441,8,26,74,330,589
2026-03-15,07:00-08:00,10438,205,9,27.1,70,580,793
2026-03-15,08:00-09:00,10438,102,10,29.3,67,920,983
2026-03-15,09:00-10:00,10438,52,11,31.1,62,1220,1095
2026-03-15,10:00-11:00,10438,47,12,32.4,60,1350,1092
2026-03-15,11:00-12:00,10438,80,12,33.8,55,1480,999
2026-03-15,12:00-13:00,10438,146,12,35.6,55,1600,887
2026-03-15,13:00-14:00,10438,97,15,36.3,50,1450,794
2026-03-15,14:00-15:00,10438,86,16,37.4,47,1400,697
2026-03-15,15:00-16:00,10438,204,16,37.3,48,1350,602
2026-03-15,16:00-17:00,10438,243,16,35,49,1080,493
2026-03-15,17:00-18:00,10438,109,17,33.4,53,750,401
2026-03-15,18:00-19:00,10438,50,18,31.9,56,450,302
2026-03-15,19:00-20:00,10438,54,19,30.4,62,180,203
2026-03-16,06:00-07:00,10438,444,7,26.1,70,330,593
2026-03-16,07:00-08:00,10438,202,10,27.2,72,550,789
2026-03-16,08:00-09:00,10438,98,8,29.1,65,920,991
2026-03-16,09:00-10:00,10438,51,11,31.3,64,1200,1100
2026-03-16,10:00-11:00,10438,46,11,32.6,58,1350,1082
2026-03-16,11:00-12:00,10438,90,13,33.4,58,1480,995
2026-03-16,12:00-13:00,10438,152,12,34.9,52,1570,885
2026-03-16,13:00-14:00,10438,107,15,36.2,50,1520,785
2026-03-16,14:00-15:00,10438,84,16,37.5,47,1400,691
2026-03-16,15:00-16:00,10438,192,17,36.3,45,1400,592
2026-03-16,16:00-17:00,10438,247,17,35.1,50,1120,494
2026-03-16,17:00-18:00,10438,96,18,33.5,56,820,394
2026-03-16,18:00-19:00,10438,46,19,31.7,59,500,294
2026-03-16,19:00-20:00,10438,51,18,30.5,59,150,204
2026-03-17,06:00-07:00,10438,451,7,26,70,350,594
2026-03-17,07:00-08:00,10435,191,8,27.7,70,600,791
2026-03-17,08:00-09:00,10435,109,10,29,67,900,986
2026-03-17,09:00-10:00,10435,43,10,30.8,61,1180,1093
2026-03-17,10:00-11:00,10435,55,11,32,60,1380,1097
2026-03-17,11:00-12:00,10435,78,11,33.1,56,1480,1000
2026-03-17,12:00-13:00,10435,150,13,35.6,51,1500,899
2026-03-17,13:00-14:00,10435,96,14,36.4,47,1480,795
2026-03-17,14:00-15:00,10435,81,14,36.8,43,1500,697
2026-03-17,15:00-16:00,10435,198,15,37.2,47,1330,598
2026-03-17,16:00-17:00,10435,255,16,35.3,52,1120,489
2026-03-17,17:00-18:00,10435,106,18,33.9,56,800,400
2026-03-17,18:00-19:00,10435,57,18,32,59,400,303
2026-03-17,19:00-20:00,10435,60,18,29.8,63,220,189
2026-03-18,06:00-07:00,10435,455,9,26.7,73,330,589
2026-03-18,07:00-08:00,10435,197,8,27.7,68,620,788
2026-03-18,08:00-09:00,10435,104,8,29.4,68,950,995
2026-03-18,09:00-10:00,10435,41,11,30.3,65,1220,1085
2026-03-18,10:00-11:00,10435,50,12,32.1,61,1420,1098
2026-03-18,11:00-12:00,10435,89,11,33.7,55,1550,1001
2026-03-18,12:00-13:00,10435,150,12,35.4,53,1570,893
2026-03-18,13:00-14:00,10435,96,13,36.8,51,1500,791
2026-03-18,14:00-15:00,10435,80,16,37.3,43,1500,689
2026-03-18,15:00-16:00,10435,208,16,36.6,49,1330,594
2026-03-18,16:00-17:00,10435,259,17,35,50,1150,493
2026-03-18,17:00-18:00,10435,109,16,33.4,54,750,395
2026-03-18,18:00-19:00,10435,52,18,31.2,59,430,297
2026-03-18,19:00-20:00,10435,55,18,29.9,62,250,203
2026-03-19,06:00-07:00,10435,453,9,25.8,74,370,588
2026-03-19,07:00-08:00,10435,209,10,27.2,71,650,799
2026-03-19,08:00-09:00,10435,92,9,28.6,66,850,997
2026-03-19,09:00-10:00,10435,58,11,30.4,64,1200,1089
2026-03-19,10:00-11:00,10435,46,10,31.8,59,1420,1096
2026-03-19,11:00-12:00,10435,89,12,33.8,59,1500,987
2026-03-19,12:00-13:00,10435,140,13,35.2,53,1500,901
2026-03-19,13:00-14:00,10435,92,14,36.3,51,1480,796
2026-03-19,14:00-15:00,10435,75,15,36.8,43,1400,704
2026-03-19,15:00-16:00,10434,207,16,36.4,47,1400,590
2026-03-19,16:00-17:00,10434,242,16,35.4,51,1050,492
2026-03-19,17:00-18:00,10434,105,17,33.9,55,820,389
2026-03-19,18:00-19:00,10434,58,19,31.8,58,430,301
2026-03-19,19:00-20:00,10434,60,19,30.5,60,200,188
2026-03-20,06:00-07:00,10434,440,8,26.2,74,300,599
2026-03-20,07:00-08:00,10434,200,10,27.9,71,600,799
2026-03-20,08:00-09:00,10434,98,8,28.7,67,920,997
2026-03-20,09:00-10:00,10434,46,11,30.6,61,1220,1089
2026-03-20,10:00-11:00,10434,43,12,32.5,60,1380,1088
2026-03-20,11:00-12:00,10434,72,13,33.8,59,1450,980
2026-03-20,12:00-13:00,10434,150,13,34.7,55,1500,894
2026-03-20,13:00-14:00,10434,106,15,36.5,51,1450,783
2026-03-20,14:00-15:00,10434,81,15,37.2,47,1430,683
2026-03-20,15:00-16:00,10434,198,15,36.4,48,1400,589
2026-03-20,16:00-17:00,10434,244,15,35.3,52,1150,502
2026-03-20,17:00-18:00,10434,104,18,34.3,54,800,396
2026-03-20,18:00-19:00,10434,57,17,31.4,60,450,296
2026-03-20,19:00-20:00,10434,47,18,29.8,63,150,188
2026-03-21,06:00-07:00,10434,441,8,26.5,71,330,597
2026-03-21,07:00-08:00,10434,201,9,27.8,69,580,791
2026-03-21,08:00-09:00,10434,104,9,28.8,67,880,1000
2026-03-21,09:00-10:00,10434,60,11,30.7,65,1220,1091
2026-03-21,10:00-11:00,10434,50,12,32,58,1420,1093
2026-03-21,11:00-12:00,10434,73,11,33.8,59,1480,987
2026-03-21,12:00-13:00,10434,143,14,35.2,55,1530,896
2026-03-21,13:00-14:00,10434,100,14,36.3,51,1500,803
2026-03-21,14:00-15:00,10434,83,15,37.3,46,1430,684
2026-03-21,15:00-16:00,10434,197,17,36.6,45,1400,592
2026-03-21,16:00-17:00,10434,258,17,35.8,51,1050,502
2026-03-21,17:00-18:00,10434,96,17,33.9,53,820,404
2026-03-21,18:00-19:00,10434,44,19,31.5,57,400,294
2026-03-21,19:00-20:00,10431,43,19,29.9,61,200,189