epoch,train_loss,val_loss,train_acc,val_acc,val_f1,lr
1,1.1358819559568285,1.4217669760028435,0.3989819651292526,0.2577453113666977,0.2804788520897639,0.001
2,1.1337063727305738,1.3854405391946285,0.3993677526075347,0.2553880426898767,0.2798712831978603,0.001
3,1.1339688813964757,1.4060081133582087,0.4000199832362851,0.2579913998549373,0.2805421466923839,0.001
4,1.144092386357606,0.4708207320693313,0.38954588457899714,0.7516556291390728,0.27999999999999997,0.001
5,1.123005790313461,0.4726770074162262,0.40279091769157993,0.7516556291390728,0.27999999999999997,0.001
6,1.1304036116081244,0.47554445174619325,0.402081362346263,0.7516556291390728,0.27999999999999997,0.001
7,1.143362978210738,0.5036464799318882,0.3952223273415326,0.7516556291390728,0.27999999999999997,0.0005
8,1.1326078831754773,0.4624098932769388,0.39853358561967833,0.7516556291390728,0.27999999999999997,0.0005
21,1.1233755127934768,0.475219576300901,0.4013718070009461,0.7516556291390728,0.27999999999999997,1e-05
22,1.114721627537665,0.4657604283844398,0.40917691579943233,0.7516556291390728,0.27999999999999997,1e-05
23,1.1140879402774173,0.46140136281912425,0.40255439924314096,0.7516556291390728,0.27999999999999997,1e-05
24,1.1214113046001914,0.4609126842048258,0.40397350993377484,0.7516556291390728,0.27999999999999997,5e-06
25,1.1172187926076782,0.4622332887933744,0.4013718070009461,0.7516556291390728,0.27999999999999997,5e-06
